Polar Calories,Formula Calories
115.0,158.418434584
83.0,115.339362396
77.0,108.108197706
106.0,146.886579003
56.0,78.5763876992
59.0,83.2598012229
83.0,115.036682019
40.0,57.5280980202
