Polar Calories,Formula Calories
115.0,662.8227303
83.0,482.579892267
77.0,452.3246992
106.0,614.57344655
56.0,328.763606133
59.0,348.359008317
83.0,481.313477567
40.0,240.697562117
