Polar Calories,Formula Calories
115.0,51.381607
83.0,55.047136
77.0,51.400534
106.0,47.457409
56.0,46.088356
59.0,51.104011
83.0,53.678083
40.0,55.760053
